{
    "camera_matrix": [
        [
            856.9569642185148,
            0.0,
            671.4459889018789
        ],
        [
            0.0,
            859.4371648964376,
            495.3841840822896
        ],
        [
            0.0,
            0.0,
            1.0
        ]
    ],
    "dist_coeffs": [
        [
            -0.4310755367729846,
            0.3612739528100329,
            0.008682630410582707,
            0.0004914886590560902,
            -0.20564899901336586
        ]
    ]
}